Num_Acc,an,mois,jour,hrmn,lum,agg,int,atm,col,com,adr,gps,lat,long,dep
201400049145,14,3,31,1228,1,2,1,1.0,4,33,"SANS, FRONT DE MER - ROU",M,0.0,0.0,202
201400000891,14,11,12,1000,3,1,1,2.0,6,303,,M,4847645.0,-146164.0,350
201400030279,14,3,17,1000,1,2,1,1.0,7,194,"SANS, SAINT EXUPERY (BOU",,,,580
201400018578,14,5,24,415,3,1,1,1.0,6,52,,M,4429630.0,9930.0,470
201400042303,14,11,9,1243,1,2,1,1.0,6,31,"00, LEON BLUM (AVENUE)",,,,930
201400032107,14,3,13,2049,5,2,1,1.0,6,113,"42, COTE BLATIN (BD)",M,4577037.0,309161.0,630
201400025268,14,7,22,1630,1,2,2,1.0,1,172,"0, DOMITIENNE (VOIE)",M,4362398.0,386222.0,340
201400000709,14,5,5,1600,1,2,1,1.0,7,119,54 grande rue,M,4855500.0,126200.0,270
201400026240,14,1,26,1820,5,2,1,2.0,1,261,PONT MIRABEAU,,,,370
201400056481,14,7,24,1200,1,2,1,1.0,2,118,"21, RUE EUGENE SUE",,,,750
201400008529,14,4,12,2230,3,1,1,1.0,7,135,,M,4327600.0,379700.0,340
201400007719,14,4,17,930,1,1,1,1.0,1,110,,M,0.0,0.0,130
201400056250,14,12,7,1550,1,2,1,8.0,3,117,"14, BOULEVARD DU FORT DE",,,,750
201400052848,14,4,10,1730,1,2,1,1.0,3,117,"14, BOULEVARD DE COURCEL",,,,750
201400055650,14,7,18,1400,1,2,1,2.0,3,116,ALLEE DE LONGCHAMP,,,,750
201400036786,14,4,4,1322,1,2,1,1.0,6,126,Ytzhak Rabin - D18,,,,830
201400007417,14,9,27,1700,1,1,1,1.0,6,482,,M,0.0,0.0,390
201400021679,14,2,2,1115,1,1,3,1.0,1,142,,M,4616719.0,-109236.0,170
201400038539,14,1,22,1800,2,2,1,2.0,2,326,"67, COUR DE FRANCE (AVEN",,,,910
201400031016,14,5,3,1900,1,2,1,1.0,2,512,NATIONS UNIES (AVENUE DE,,,,590
201400010466,14,10,24,2032,5,2,1,1.0,3,30,JOURDAN (AVENUE MICHEL (,,,,60
201400032029,14,8,14,2345,5,2,1,1.0,3,186,"., BEUGNET (R CASIMIR)",M,5045475.0,272103.0,620
201400052806,14,2,27,1645,1,2,2,1.0,6,108,"71/73, AVENUE DES CHAMPS",,,,750
201400037929,14,8,25,1650,1,1,1,1.0,1,463,"713, RD 31",M,4824322.0,689418.0,880
201400033814,14,5,11,1100,1,2,3,1.0,3,91,GABRIEL PERI ( R ),,,,690
201400048980,14,10,18,2000,3,1,1,1.0,2,64,RN 118,,,,910
201400043481,14,11,6,1640,1,2,3,1.0,3,70,"32, ROSIERS(DES) :N? 1 A",,,,930
201400022071,14,5,22,1000,1,1,1,2.0,3,285,,M,4776236.0,-193945.0,350
201400020669,14,4,5,1045,1,2,1,1.0,6,275,"1, GRAMMONT (RUE DE)",M,4555370.0,231817.0,190
201400030136,14,6,22,2305,5,2,1,1.0,7,606,"23, CARRIERE (RUE DE LA)",M,4910219.0,671776.0,570
201400024913,14,12,26,2020,5,2,6,1.0,6,39,BRETELLE DE SORTIE A631,,,,330
201400022609,14,1,31,1825,5,2,2,1.0,3,189,AQUEDUC (RUE),M,4383024.0,435458.0,300
201400019720,14,4,8,1640,1,2,1,1.0,6,300,"2, NORMANDIN   RUE EMILE",M,4614144.0,-113863.0,170
201400034227,14,7,20,1440,1,2,4,3.0,3,266,"0, RUE VICTOR BASCH",,,,690
201400031191,14,8,9,600,3,2,1,2.0,6,526,"0, ROUTE DE VALENCIENNES",,,,590
201400022820,14,12,5,1435,1,1,1,2.0,7,189,ALES (ROUTE),,,,300
201400025044,14,1,16,1955,5,2,1,1.0,3,172,"0, MENDE (ROUTE DE)",M,4363673.0,386727.0,340
201400022652,14,4,3,1420,1,2,1,1.0,6,189,MONTJARDIN (RUE),,,,300
201400026657,14,12,16,1630,1,2,1,8.0,2,261,AVENUE DE PONT CHER,,,,370
201400041337,14,3,13,1649,1,2,1,1.0,3,1,"89, HEURTAULT (RUE)",,,,930
201400037089,14,11,7,1815,5,2,4,1.0,3,87,"1, TASSIGNY (AVENUE DE L",M,4414554.0,480357.0,840
201400004610,14,2,6,1230,1,1,1,1.0,4,235,,M,4603710.0,506601.0,10
201400056997,14,1,31,1745,5,2,1,1.0,6,120,"125, AVENUE GAMBETTA",,,,750
201400028990,14,11,29,2150,5,2,1,1.0,6,165,BD DES AMIRAUX,M,4883590.0,-159496.0,500
201400007428,14,7,14,1830,1,1,1,1.0,3,210,,M,0.0,0.0,390
201400025917,14,10,25,305,5,2,6,1.0,7,238,BIGNON/HAUT SANC?,M,4809650.0,-163701.0,350
201400037747,14,9,29,914,1,1,1,2.0,6,85,AUTOROUTE A20,,,,870
201400035697,14,9,17,1810,1,2,1,1.0,6,172,"243, AMBASSADEUR (RUE DE",,,,780
201400034080,14,9,7,1020,1,2,2,1.0,3,388,"0, BOULEVARD PINEL",,,,690
201400002153,14,5,9,1230,1,1,1,1.0,7,44,,M,4778000.0,-4900.0,720
201400027738,14,7,16,1635,1,2,2,1.0,3,109,"0, RUE DE LA GOURMETTE",,,,440
201400048648,14,4,16,856,1,1,1,1.0,2,86,RN 104,,,,910
201400057592,14,10,14,1950,5,2,2,1.0,5,108,"92, AVENUE DES CHAMPS EL",,,,750
201400051881,14,4,7,935,1,2,1,1.0,6,103,"17, BOULEVARD SAINT MART",,,,750
201400028323,14,3,12,1635,1,2,1,1.0,7,7,RUE CHEVREUL,M,4747211.0,-54864.0,490
201400030939,14,2,3,1810,3,2,1,1.0,1,646,"14, HAUT VINAGE (RUE DU)",,,,590
201400044914,14,7,25,1325,1,2,2,1.0,3,41,CURIE / BAUDIN,M,4881520.0,237563.0,940
201400003862,14,3,2,745,1,1,1,1.0,5,16,,M,4358270.0,104658.0,320
201400050893,14,11,5,755,1,1,1,2.0,6,29,RD383   7.640 A 11.044,,,,690
201400035577,14,5,26,1430,1,1,1,2.0,3,166,D 606,,,,770
201400052077,14,12,10,1650,1,2,2,1.0,6,109,"2, RUE DU FAUBOURG MONTM",,,,750
201400048844,14,7,22,1731,1,1,1,1.0,7,38,AUTOROUTE A6A,M,4878740.0,234524.0,940
201400030868,14,11,18,1735,4,1,1,1.0,6,196,"NC, ZONE COMMERCIALE",,,,590
201400029038,14,6,7,2035,1,2,2,1.0,3,108,AVE P. SEMARD/M. COLIN,,,,510
201400049121,14,1,24,745,1,2,1,2.0,6,33,"sans, CHANOINE LESCHI -",M,0.0,0.0,202
201400047647,14,10,8,1934,4,1,1,3.0,5,10,AUTOROUTE A3,M,4888950.0,247391.0,930
201400007680,14,7,31,1030,1,1,1,1.0,5,109,,M,0.0,0.0,130
201400051588,14,12,25,856,1,1,1,1.0,6,1,A51-Sens Marseille*vers,,,,130
201400010024,14,3,7,1415,1,2,1,1.0,6,4,"19, NOVEMBRE 11 AVE",,,,60
201400011757,14,10,15,845,1,1,1,8.0,3,521,,M,0.0,0.0,800
201400045960,14,3,1,125,3,1,1,2.0,3,252,SENT BOIS DES MONTFRAIS,M,4897440.0,223470.0,950
201400028443,14,7,25,1955,1,2,2,1.0,3,7,RUE Auguste GAUTIER,M,4746356.0,-56393.0,490
201400017826,14,9,26,2115,3,1,1,1.0,6,564,,M,4893017.0,590021.0,540
201400024209,14,5,9,1445,1,2,1,1.0,6,63,"59, QUAI RICHELIEU",,,,330
201400047452,14,7,22,1700,1,1,1,1.0,7,13,AUTOROUTE A1,M,4893870.0,241625.0,930
201400003273,14,7,26,2000,1,1,2,1.0,3,221,,M,4612687.0,-58323.0,170
201400035067,14,2,6,2055,5,2,1,9.0,2,540,RN 28,M,4944082.0,113269.0,760
201400009045,14,9,16,1800,1,2,1,1.0,3,247,,M,0.0,0.0,201
201400029706,14,1,30,1130,1,2,1,1.0,3,98,"0, LE COUTALLER (RUE  JE",M,4775970.0,-333101.0,560
201400056026,14,5,15,900,1,2,2,1.0,6,117,"89, RUE JOUFFROY D ABBAN",,,,750
201400008236,14,1,28,1345,1,1,9,1.0,3,65,,M,4326214.0,657475.0,830
201400044597,14,12,17,1745,5,2,1,2.0,7,3,"10, PAUL VAILLANT COUTUR",,,,940
201400038671,14,2,4,2215,3,1,1,1.0,2,421,N 6 (REVEIL MATIN),,,,910
201400011788,14,6,20,415,3,1,1,1.0,3,91,,M,0.0,0.0,840
201400047082,14,3,28,1000,1,1,1,1.0,4,66,AUTOROUTE A86,M,4892190.0,236552.0,930
201400039442,14,5,8,2240,5,2,6,2.0,7,60,CARREAU (RUE DU),,,,920
201400044258,14,4,15,1030,1,2,1,1.0,6,28,AV DU DOCTEUR PAUL CASAL,M,4878010.0,246624.0,940
201400028384,14,5,20,1630,1,2,1,2.0,6,246,"0, DAVID D'ANGERS",M,4743603.0,-53089.0,490
201400045947,14,1,5,915,1,2,3,1.0,3,252,BD DU BEL-AIR,M,4898450.0,224060.0,950
201400003781,14,10,16,730,3,1,1,2.0,7,16,,M,0.0,0.0,120
201400043906,14,6,14,325,5,2,2,1.0,3,17,DE GAULLE / STALINGRAD,M,4882370.0,249643.0,940
201400054224,14,8,19,845,1,2,1,1.0,6,112,"139, RUE DE BERCY",,,,750
201400023306,14,6,19,745,1,2,1,1.0,6,555,"999, PL DU DR JOSEPH BAY",,,,310
201400006914,14,1,24,1745,1,1,1,1.0,5,397,,M,4707000.0,476400.0,210
201400028320,14,3,19,853,1,1,1,1.0,6,267,"1, CHANTERIE",M,4747721.0,-49601.0,490
201400036205,14,4,11,1445,1,2,2,1.0,3,329,BD DE LA LIBERATION,,,,790
201400002981,14,4,5,1415,1,1,1,1.0,6,485,,M,0.0,0.0,640
201400021336,14,9,21,1700,1,1,6,1.0,6,278,,M,0.0,0.0,590
201400041480,14,1,11,1150,1,2,1,1.0,2,5,MITRY [CD115] (ROUTE DE),,,,930
201400037643,14,6,24,2201,2,2,1,1.0,6,85,"49, GARIBALDI (AVENUE)",,,,870
201400017462,14,5,16,1900,1,2,6,1.0,3,281,,M,0.0,0.0,180
201400001487,14,4,25,1730,1,2,1,1.0,6,184,RUE DE LA CABOTIERE,M,4954140.0,-186657.0,500
201400042562,14,9,3,2210,5,2,2,1.0,3,46,JEAN JAURES BOULEVARD,,,,930
201400042551,14,7,21,1545,1,2,1,2.0,6,46,MARX DORMOY BOULEVARD,,,,930
201400041656,14,1,2,1525,1,2,1,1.0,3,7,"258, CHARLES FLOQUET (AV",,,,930
201400032279,14,4,9,1155,1,2,1,1.0,6,24,32 RUE DE LAMIGOTTE,,,,640
201400013023,14,1,27,1340,1,2,1,2.0,6,69,PLAINE SAINT NAZAIRE -AL,M,4322053.0,236287.0,110
201400001183,14,9,27,2030,3,1,1,1.0,6,111,,M,4857974.0,-421114.0,290
201400057108,14,6,16,840,1,2,5,1.0,1,120,"54, AVENUE GAMBETTA",,,,750
201400002894,14,7,22,2145,3,1,1,1.0,1,306,LIEU_DIT GAZAT,M,0.0,0.0,470
201400046656,14,7,15,1815,1,1,1,1.0,3,46,A86 EXT,M,4881400.0,244913.0,940
201400046398,14,1,20,10,5,1,1,1.0,3,46,A86 INT,M,4880720.0,244874.0,940
201400007500,14,1,27,815,1,1,1,1.0,5,278,,M,0.0,0.0,700
201400055882,14,1,4,2150,5,2,5,1.0,6,117,"27, AVENUE NIEL",,,,750
201400048580,14,3,6,1815,1,1,1,1.0,7,471,RN 118,,,,910
201400027288,14,6,26,1130,1,2,1,1.0,6,207,"1, COIN ROUTE DU",M,4547245.0,451779.0,420
201400003936,14,4,4,2115,3,1,1,1.0,2,197,,M,0.0,0.0,460
201400042150,14,5,15,1640,1,2,1,1.0,6,29,"1, LIBERTE (DE LA)",,,,930
201400039860,14,5,8,730,1,2,1,1.0,6,26,GAMBETTA,,,,920
201400007985,14,6,15,2200,3,1,1,1.0,7,43,,M,0.0,0.0,60
201400032516,14,3,28,1515,1,2,3,1.0,3,445,"0,BD ALFRED NOBEL",,,,640
201400014895,14,6,6,2345,4,2,1,1.0,2,55,"07, RUE FONDERE",M,4330185.0,539896.0,130
201400038809,14,12,31,2045,5,1,1,1.0,3,692,OCEANIE (AVENUE DE L'),,,,910
201400038246,14,1,16,935,1,2,6,2.0,6,114,WITTLICH (ROND POINT),,,,910
201400055359,14,12,17,730,3,2,3,2.0,1,115,RUE DE VOUILLE,,,,750
201400052740,14,1,2,1410,1,2,7,1.0,3,108,"0, ROND POINT CHAMPS ELY",,,,750
201400052801,14,2,23,310,5,2,7,1.0,6,108,AVENUE DES CHAMPS ELYSEE,,,,750
201400051030,14,6,22,1220,1,2,1,1.0,6,389,"46, RUE LAURE DIEBOLD",,,,690
201400021790,14,11,22,1800,3,1,1,2.0,6,85,ROUTE D'ORLEANS,M,4842741.0,151539.0,280
201400008237,14,2,11,800,1,1,1,1.0,6,119,Route des salins,M,4326648.0,665020.0,830
201400048783,14,6,27,2114,1,1,1,1.0,6,174,RN 104,,,,910
201400038339,14,3,2,1230,1,2,1,1.0,6,174,"92, BAS VIGNONS(CHEMIN)",,,,910
201400020171,14,3,19,1321,1,2,1,1.0,6,33,GAUTIERS (CHEMIN DE,M,4711982.0,242139.0,180
201400037273,14,2,16,355,5,2,1,2.0,6,194,159 RUE DE MONTBERNAGE,,,,860
201400035333,14,4,16,1110,1,1,1,1.0,2,108,"63, GUETTE (CHEMIN DE LA",,,,770
201400054771,14,2,5,1525,1,2,2,1.0,3,114,RUE DES PLANTES,,,,750
201400054516,14,5,13,1605,1,2,1,1.0,7,113,"3, AVENUE D ITALIE",,,,750
201400036911,14,6,18,1815,1,2,1,1.0,3,137,"0, RAGEOT DE LA TOUCHE (",M,4312765.0,592433.0,830
201400026847,14,8,18,1610,1,2,1,1.0,6,421,"0, AVENUE BENO?T FRACHON",,,,380
201400051182,14,1,2,1025,1,1,1,8.0,7,33,A55-SENS MARTIGUES/MARSE,M,4337316.0,518628.0,130
201400057608,14,11,6,530,2,2,1,1.0,6,116,ALLEE DE LA REINE MARGUE,,,,750
201400038301,14,11,4,830,1,2,3,1.0,1,114,GENERAL LECLERC (AVENUE,,,,910
201400031866,14,11,23,1150,1,2,2,1.0,3,193,GERSCHEL (RUE A.),M,5095879.0,184687.0,620
201400037636,14,6,17,814,1,2,3,1.0,3,85,"65, BEAUPUY (RUE DE)",,,,870
201400013288,14,12,31,1642,1,2,1,1.0,4,262,"0, ESPAGNE (AVENUE D')",M,4317063.0,298979.0,110
201400037567,14,4,9,1230,1,2,3,1.0,2,65,"19, PLAISANCE (RUE DE)",,,,870
201400052964,14,7,19,1940,1,2,3,8.0,3,117,"74, AVENUE DE CLICHY",,,,750
201400043543,14,11,2,1835,5,2,1,1.0,3,59,"0, AMIENS (RUE D') N? 13",,,,930
201400011763,14,2,8,1200,1,1,1,1.0,6,49,,M,0.0,0.0,130
201400036330,14,4,23,1805,1,2,1,1.0,4,489,RUE HENRI BARBUSSE,M,4987325.0,235076.0,800
201400015651,14,8,27,1230,1,2,1,1.0,6,55,"02, QAI DE LA JOLIETTE",M,4330435.0,536510.0,130
201400055059,14,2,9,630,5,2,2,1.0,6,115,"110, RUE CAMBRONNE",,,,750
201400040590,14,12,9,1720,5,2,1,1.0,3,50,"16, LAVOISIER RUE",,,,920
201400034010,14,4,12,2000,1,2,1,1.0,6,259,"face 42, AVENUE DU 8 MAI",,,,690
201400002528,14,8,10,1645,1,2,1,1.0,1,358,19 RUE DE L'EGLISE,M,0.0,0.0,330
201400022787,14,10,19,1141,1,2,1,1.0,2,189,BOEGNER PASTEUR MARC (BO,,,,300
201400058154,14,12,5,1825,5,2,1,1.0,3,116,SOUTERRAIN DAUPHINE,,,,750
201400023716,14,12,30,2130,3,1,1,1.0,2,148,,M,0.0,0.0,830
201400015983,14,11,26,1700,5,2,1,2.0,6,55,"138, AVE DU PRADO",M,4327990.0,538682.0,130
201400052148,14,6,28,1050,1,2,2,2.0,6,104,"80, RUE SAINT ANTOINE",,,,750
201400056776,14,5,31,2335,5,2,1,1.0,6,119,BOULEVARD D ALGERIE,,,,750
201400009761,14,5,30,1415,1,1,1,2.0,7,219,,M,4662280.0,154895.0,360
201400011842,14,4,6,1030,1,1,1,1.0,3,479,,M,4750900.0,474000.0,210
201400011166,14,6,14,1900,1,2,2,2.0,3,88,"0, RAYNAUD (BD AUGUSTE)",,,,60
201400004449,14,1,9,1615,1,1,1,1.0,1,90,,M,0.0,0.0,690
201400031508,14,4,11,1505,1,2,1,1.0,7,159,"09, CHANGE (RUE DU)",,,,600
201400021023,14,12,13,1415,1,2,1,1.0,7,278,LEGUE (DU),M,4851880.0,-276471.0,220
201400033007,14,3,3,1528,1,1,9,1.0,6,136,ESPAGNE (ROUTE D'),M,4266984.0,288220.0,660
201400045838,14,5,4,250,5,2,6,1.0,6,218,BD COMMUNE DE PARIS,M,4901710.0,210630.0,950
201400056752,14,5,3,525,2,2,1,1.0,7,119,"12, RUE MANIN",,,,750
201400038580,14,9,12,1830,1,2,1,1.0,1,687,GENERAL LECLERC (AVENUE,,,,910
201400051035,14,6,30,1700,1,2,1,1.0,3,389,"27, AVENUE JOANNES MASSE",,,,690
201400056494,14,8,11,1425,1,2,4,1.0,6,118,"48, AVENUE DE CLICHY",,,,750
201400017895,14,6,30,2130,2,2,1,1.0,1,212,les champs martins,M,0.0,0.0,580
201400018738,14,6,16,1500,1,2,1,7.0,7,246,le bourg D219,M,0.0,0.0,630
201400039566,14,5,2,530,5,2,2,1.0,3,24,"66, HENRI BARBUSSE (RUE)",,,,920
201400042616,14,1,5,2200,3,2,2,2.0,3,48,"233, PARIS (RUE DE)",,,,930
201400000589,14,12,8,730,2,1,1,2.0,1,116,,M,4938780.0,121505.0,760
201400031292,14,1,20,815,1,2,6,1.0,6,606,"00, MAGALOTTI (RUE)",,,,590
201400014170,14,2,17,1200,1,2,3,1.0,3,55,"35, AVE ALEXANDRE DUMAS",M,4326366.0,538945.0,130
201400024639,14,10,7,900,1,2,1,1.0,4,63,"167 bis, ALBERT 1ER (BD",,,,330
201400029515,14,9,18,1335,1,2,1,1.0,6,304,EUROPE (AVENUE DE L'),,,,540
201400016823,14,6,12,1640,1,2,6,1.0,2,167,ROND POINT LAZARRO,M,4919930.0,-29281.0,140
201400038285,14,8,11,1750,1,2,1,1.0,2,114,"74, GENERAL LECLERC (AVE",,,,910
201400026813,14,6,6,1415,1,2,1,1.0,3,185,"0, RUE DE STALINGRAD",,,,380
201400035068,14,1,29,815,5,2,1,3.0,6,540,"7, R D ELBEUF",M,4943041.0,108603.0,760
201400056154,14,9,15,1835,1,2,2,1.0,3,117,"17, RUE BOURSAULT",,,,750
201400029458,14,7,22,1925,1,2,1,1.0,6,395,BOUDONVILLE (RUE DU MOUL,,,,540
201400034192,14,4,15,1230,1,2,1,1.0,6,266,"37, RUE GERVAIS BUSSIERE",,,,690
201400005749,14,12,3,830,1,1,1,4.0,6,98,X,M,4492790.0,407081.0,430
201400018381,14,9,9,1930,1,1,1,1.0,6,194,keravénou,M,4866559.0,-360140.0,220
201400002908,14,1,9,845,1,1,1,1.0,6,54,,M,0.0,0.0,640
201400052890,14,5,15,1515,1,2,1,1.0,6,108,AVENUE DE MARIGNY,,,,750
201400033413,14,9,8,1045,1,2,1,7.0,3,482,"6, LORRAINE (RUE DE)",,,,670
201400005429,14,9,28,1815,1,1,1,1.0,7,58,,M,0.0,0.0,740
201400051911,14,6,20,2050,1,2,2,1.0,3,102,"135, BOULEVARD DE SEBAST",,,,750
201400027155,14,3,21,1545,1,2,1,2.0,2,187,"17, MULSANT (RUE)",M,4603798.0,406050.0,420
201400020865,14,3,9,1500,1,1,1,1.0,2,187,"0, RN12",M,4854593.0,-277841.0,220
201400042830,14,3,29,1305,1,2,1,1.0,5,33,CHAMPS (AVENUE),,,,930
201400000645,14,12,17,2130,3,1,1,2.0,3,645,,M,4988079.0,159653.0,760
201400051260,14,3,17,1515,1,1,1,1.0,2,22,A50-Sens Toulon vers Aub,,,,130
201400053658,14,4,11,1941,1,2,3,1.0,6,111,"62, BOULEVARD RICHARD LE",,,,750
201400044622,14,1,29,1405,1,2,1,2.0,2,73,"18, RUE GEORGES HALGOULT",M,4876120.0,239976.0,940
201400026817,14,6,12,719,1,2,1,1.0,6,185,"0, BOULEVARD JEAN PAIN",,,,380
201400008926,14,10,6,330,5,2,1,1.0,7,37,rond-point de l'?tang,M,0.0,0.0,660
201400054979,14,11,16,1910,5,2,3,2.0,6,114,"18, RUE DE LA TOMBE ISSO",,,,750
201400057804,14,4,9,815,1,2,1,1.0,3,118,PORTE DE LA CHAPELLE,,,,750
201400031936,14,6,24,1740,1,2,9,1.0,3,351,"27, LECLERC (R DU MARECH",M,5044439.0,290828.0,620
201400025149,14,4,13,1525,1,1,1,1.0,3,172,"sans, GENNEVAUX (ROND-PO",M,4359270.0,382017.0,340
201400039574,14,5,20,1240,1,2,1,1.0,6,24,"75, HENRI BARBUSSE (RUE)",,,,920
201400028272,14,1,17,1130,1,1,1,2.0,5,246,,M,4742397.0,-50387.0,490
201400022042,14,9,27,1745,1,1,1,1.0,6,354,,,,,10
201400056783,14,6,11,2035,2,2,3,1.0,6,119,RUE RIQUET,,,,750
201400042837,14,5,8,1520,1,2,1,3.0,1,51,"41, DOCTEUR SUREAU",,,,930
201400031327,14,5,19,1525,1,2,1,1.0,6,447,"42, SALENGRO (RUE ROGER)",,,,590
201400038921,14,6,26,850,1,2,1,1.0,3,2,ABBAYE (RUE DE L'),,,,920
201400006176,14,2,10,1715,1,1,8,2.0,3,135,,M,4814894.0,661585.0,880
201400011338,14,9,5,1510,1,2,1,1.0,1,88,"10 BIS, SORGENTINO (R.)",,,,60
201400054409,14,1,3,1535,1,2,1,1.0,7,113,"12, AVENUE D IVRY",,,,750
201400051724,14,4,11,1145,1,2,7,1.0,6,101,"6, PLACE DU CARROUSEL",,,,750
201400021744,14,10,11,1350,1,2,3,1.0,3,70,Rue Jean Moulin,M,4846685.0,150580.0,280
201400056455,14,7,1,2000,1,2,5,1.0,2,118,"6, AVENUE DE LA PORTE DE",,,,750
201400059392,14,8,21,1230,1,1,1,1.0,3,7,ROUTE DU SACRE COEUR,R,0.0,0.0,974
201400001176,14,3,10,1030,1,1,1,1.0,3,259,,M,4866126.0,-402249.0,290
201400039409,14,11,8,1603,1,2,2,1.0,6,19,CLEMENT JEAN BAPTISTE (R,,,,920
201400038607,14,3,3,1835,5,2,3,8.0,3,345,"162, PRESIDENT FRANCOIS",,,,910
201400051689,14,2,12,2040,5,2,3,2.0,3,101,"75, RUE DE RIVOLI",,,,750
201400044457,14,3,31,845,1,2,1,1.0,6,76,"11,R JEAN LURCAT",M,4878780.0,236885.0,940
201400003602,14,11,7,2030,3,1,1,8.0,3,145,route de foix,M,0.0,0.0,310
201400020997,14,11,7,1150,1,1,4,1.0,2,187,"61.500, RN12",M,4854581.0,-278772.0,220
201400000629,14,9,12,1230,1,2,1,1.0,7,533,,M,4950101.0,26773.0,760
201400012141,14,5,11,1130,1,1,1,1.0,6,10,26010,M,0.0,0.0,260
201400021533,14,9,26,1940,5,2,1,1.0,3,362,69 AV LIBERATION 31 AOUT,M,4490970.0,488730.0,260
201400042233,14,3,27,1140,1,2,1,1.0,6,79,"2, FREDERIC OZAMAN",,,,930
201400010219,14,7,27,2040,2,2,4,1.0,3,123,ST JEANNET ROUTE DE,,,,60
201400029020,14,8,23,1220,1,1,1,1.0,1,2,ROCREUIL,M,4911060.0,-112306.0,500
201400029457,14,7,22,1810,1,2,3,1.0,3,547,"16, PERSEVERANCE (RUE DE",,,,540
201400029146,14,8,2,1345,1,2,1,8.0,7,534,"1, SAINT DIZIER (ROUTE D",M,4866388.0,490599.0,520
201400028009,14,1,18,1605,1,2,1,1.0,6,208,13 R RASPAIL,M,4799486.0,273090.0,450
201400021906,14,9,6,1630,1,2,1,7.0,1,253,Chemin des Saules,M,4603651.0,400260.0,420
201400022618,14,2,10,1205,1,2,7,1.0,6,189,DEBUSSY CLAUDE (PLACE),M,4382410.0,433564.0,300
201400006066,14,9,10,2215,5,2,2,1.0,3,310,"0, ECOLES (RUE DES)",,,,30
201400041930,14,3,19,1555,1,2,2,1.0,3,47,"0, NOTRE DAMES DES ANGES",,,,930
201400013971,14,1,11,1,5,2,6,1.0,7,2,"1,AV GENERAL LECLERC",M,4333966.0,548434.0,130
201400052535,14,12,15,2025,5,2,1,2.0,2,113,"36, AVENUE D ITALIE",,,,750
201400002516,14,6,26,700,1,2,9,1.0,3,352,D9e1,M,0.0,0.0,330
201400004348,14,6,23,1900,1,2,1,1.0,7,273,Rue marcel Meyrieu,M,0.0,0.0,690
201400035721,14,6,19,1735,1,2,1,1.0,6,383,FOREZ (AVENUE DU),,,,780
201400037811,14,11,15,2050,5,2,1,2.0,6,85,"0, SCHUMAN (BOULEVARD RO",,,,870
201400051964,14,11,18,1330,1,2,2,1.0,3,102,"132, RUE REAUMUR",,,,750